{
    "srednia_temp": [
        5.85,
        7.95,
        6.35,
        6.300000000000001,
        8.05,
        5.65,
        7.35,
        8.7,
        9.05,
        10.05,
        10.15,
        9.25,
        6.199999999999999,
        5.25,
        6.7,
        9.35,
        9.0,
        2.65,
        2.3000000000000003,
        5.6499999999999995,
        4.05,
        6.699999999999999,
        3.95,
        4.65,
        7.4,
        7.2,
        7.800000000000001,
        10.1
    ],
    "suma_opadow": 6.3999999999999995,
    "dni_sloneczne": 25
}